model,params,key,C,l1_ratio,accuracy,precision,recall,f1,time_min,alpha,fit_prior,norm,loss
Logistic Regression,"{'C': 0.1, 'l1_ratio': 0.0}","Logistic Regression|{""C"": 0.1, ""l1_ratio"": 0.0}",0.1,0.0,0.7835412697437159,0.8060880296174414,0.8937334671166651,0.8476511808980015,0.08641990851659405,,,,
Logistic Regression,"{'C': 0.1, 'l1_ratio': 1.0}","Logistic Regression|{""C"": 0.1, ""l1_ratio"": 1.0}",0.1,1.0,0.7692827730317743,0.8034601784812258,0.8705190185168293,0.8356464252878596,0.19323050090000227,,,,
Logistic Regression,"{'C': 1, 'l1_ratio': 0.0}","Logistic Regression|{""C"": 1, ""l1_ratio"": 0.0}",1.0,0.0,0.8218302501382828,0.8537152381787876,0.8876676092310499,0.8703604328772024,0.1591242329333909,,,,
Logistic Regression,"{'C': 1, 'l1_ratio': 1.0}","Logistic Regression|{""C"": 1, ""l1_ratio"": 1.0}",1.0,1.0,0.8252412267223895,0.8628502480225231,0.8805983763568367,0.871633975125838,0.5040080061834791,,,,
Logistic Regression,"{'C': 2.5, 'l1_ratio': 0.0}","Logistic Regression|{""C"": 2.5, ""l1_ratio"": 0.0}",2.5,0.0,0.8262860303607645,0.8612529414376415,0.884703092219283,0.8728205358950708,0.19457200691661758,,,,
Logistic Regression,"{'C': 2.5, 'l1_ratio': 1.0}","Logistic Regression|{""C"": 2.5, ""l1_ratio"": 1.0}",2.5,1.0,0.829604818388544,0.8686591348967008,0.880187904770592,0.8743855197879619,0.7520434235166855,,,,
Logistic Regression,"{'C': 2.6, 'l1_ratio': 0.0}","Logistic Regression|{""C"": 2.6, ""l1_ratio"": 0.0}",2.6,0.0,0.8263167598795403,0.8613874578077811,0.8845662683572015,0.8728230052652896,0.2071936164832247,,,,
Logistic Regression,"{'C': 2.6, 'l1_ratio': 1.0}","Logistic Regression|{""C"": 2.6, ""l1_ratio"": 1.0}",2.6,1.0,0.8298199250199741,0.8686341551196689,0.8805983763568367,0.8745753499116727,0.7508227255668316,,,,
Logistic Regression,"{'C': 2.65, 'l1_ratio': 0.0}","Logistic Regression|{""C"": 2.65, ""l1_ratio"": 0.0}",2.65,0.0,0.8264089484358675,0.8614701310237619,0.8846118763112287,0.8728876487927815,0.20957672659981957,,,,
Logistic Regression,"{'C': 2.65, 'l1_ratio': 1.0}","Logistic Regression|{""C"": 2.65, ""l1_ratio"": 1.0}",2.65,1.0,0.8296970069448713,0.8686436864368644,0.8803703365867007,0.8744676995560388,0.7499272907664515,,,,
Logistic Regression,"{'C': 2.7, 'l1_ratio': 0.0}","Logistic Regression|{""C"": 2.7, ""l1_ratio"": 0.0}",2.7,0.0,0.8263167598795403,0.8613874578077811,0.8845662683572015,0.8728230052652896,0.2571535636166421,,,,
Logistic Regression,"{'C': 2.7, 'l1_ratio': 1.0}","Logistic Regression|{""C"": 2.7, ""l1_ratio"": 1.0}",2.7,1.0,0.8299121135763013,0.8690170651537665,0.8802335127246191,0.8745893281975756,0.765764680733264,,,,
Logistic Regression,"{'C': 2.75, 'l1_ratio': 0.0}","Logistic Regression|{""C"": 2.75, ""l1_ratio"": 0.0}",2.75,0.0,0.826347489398316,0.8614899382524099,0.8844750524491471,0.8728311992258704,0.26883077613335143,,,,
Logistic Regression,"{'C': 2.75, 'l1_ratio': 1.0}","Logistic Regression|{""C"": 2.75, ""l1_ratio"": 1.0}",2.75,1.0,0.8296970069448713,0.8688760806916427,0.8800510809085105,0.8744278787329497,0.7767405835998943,,,,
Logistic Regression,"{'C': 2.8, 'l1_ratio': 0.0}","Logistic Regression|{""C"": 2.8, ""l1_ratio"": 0.0}",2.8,0.0,0.826347489398316,0.8615541831430221,0.8843838365410928,0.8728197510859046,0.2326753726832976,,,,
Logistic Regression,"{'C': 2.8, 'l1_ratio': 1.0}","Logistic Regression|{""C"": 2.8, ""l1_ratio"": 1.0}",2.8,1.0,0.8295740888697682,0.868786023054755,0.8799598650004561,0.8743372456609417,0.7677029246500752,,,,
Logistic Regression,"{'C': 2.85, 'l1_ratio': 0.0}","Logistic Regression|{""C"": 2.85, ""l1_ratio"": 0.0}",2.85,0.0,0.8265011369921947,0.8616813294232649,0.8844750524491471,0.8729294202376665,0.30743129985009243,,,,
Logistic Regression,"{'C': 2.85, 'l1_ratio': 1.0}","Logistic Regression|{""C"": 2.85, ""l1_ratio"": 1.0}",2.85,1.0,0.8290824165693566,0.8683594453448586,0.879686217276293,0.8739861343966651,0.7597641541166619,,,,
Logistic Regression,"{'C': 2.9, 'l1_ratio': 0.0}","Logistic Regression|{""C"": 2.9, ""l1_ratio"": 0.0}",2.9,0.0,0.8264704074734189,0.8616751832926016,0.88442944449512,0.8729040534761765,0.24507303696664168,,,,
Logistic Regression,"{'C': 2.9, 'l1_ratio': 1.0}","Logistic Regression|{""C"": 2.9, ""l1_ratio"": 1.0}",2.9,1.0,0.8289594984942535,0.8682694039258059,0.8795950013682386,0.8738955095382663,0.7780897244832886,,,,
Logistic Regression,"{'C': 2.95, 'l1_ratio': 0.0}","Logistic Regression|{""C"": 2.95, ""l1_ratio"": 0.0}",2.95,0.0,0.8265933255485219,0.8619248721938209,0.8842926206330384,0.8729654892956035,0.2238028632166485,,,,
Logistic Regression,"{'C': 2.95, 'l1_ratio': 1.0}","Logistic Regression|{""C"": 2.95, ""l1_ratio"": 1.0}",2.95,1.0,0.8290824165693566,0.8683594453448586,0.879686217276293,0.8739861343966651,0.8228974093166471,,,,
Logistic Regression,"{'C': 3, 'l1_ratio': 0.0}","Logistic Regression|{""C"": 3, ""l1_ratio"": 0.0}",3.0,0.0,0.8264704074734189,0.8619968868134312,0.8839733649548481,0.8728468172299656,0.3217213953001192,,,,
Logistic Regression,"{'C': 3, 'l1_ratio': 1.0}","Logistic Regression|{""C"": 3, ""l1_ratio"": 1.0}",3.0,1.0,0.8291438756069079,0.8683049779458097,0.8798686490924017,0.8740485683218557,0.7309853585667345,,,,
Logistic Regression,"{'C': 3.25, 'l1_ratio': 0.0}","Logistic Regression|{""C"": 3.25, ""l1_ratio"": 0.0}",3.25,0.0,0.8268391616987278,0.8625216965597045,0.8838821490467937,0.873071291812141,0.22118209149994073,,,,
Logistic Regression,"{'C': 3.25, 'l1_ratio': 1.0}","Logistic Regression|{""C"": 3.25, ""l1_ratio"": 1.0}",3.25,1.0,0.8289902280130294,0.868540793800964,0.8792757456900483,0.8738753031298869,0.7917822660165257,,,,
Logistic Regression,"{'C': 3.5, 'l1_ratio': 0.0}","Logistic Regression|{""C"": 3.5, ""l1_ratio"": 0.0}",3.5,0.0,0.8268698912175035,0.8628507795100223,0.8834716774605491,0.8730394808004327,0.2456626840500879,,,,
Logistic Regression,"{'C': 3.5, 'l1_ratio': 1.0}","Logistic Regression|{""C"": 3.5, ""l1_ratio"": 1.0}",3.5,1.0,0.8283756376375147,0.8680239628845547,0.8789108820578309,0.8734334987649285,0.8048360851333807,,,,
Logistic Regression,"{'C': 5, 'l1_ratio': 0.0}","Logistic Regression|{""C"": 5, ""l1_ratio"": 0.0}",5.0,0.0,0.8269928092926064,0.8641727004558863,0.8818297911155706,0.8729119638826185,0.2433895515166417,,,,
Logistic Regression,"{'C': 5, 'l1_ratio': 1.0}","Logistic Regression|{""C"": 5, ""l1_ratio"": 1.0}",5.0,1.0,0.8255177923913711,0.8669376693766938,0.8753990695977378,0.871147823718967,0.8248420544332475,,,,
Logistic Regression,"{'C': 10, 'l1_ratio': 0.0}","Logistic Regression|{""C"": 10, ""l1_ratio"": 0.0}",10.0,0.0,0.8259787351730072,0.8658717660292463,0.877679467299097,0.8717356345269642,0.3408515721666239,,,,
Logistic Regression,"{'C': 10, 'l1_ratio': 1.0}","Logistic Regression|{""C"": 10, ""l1_ratio"": 1.0}",10.0,1.0,0.8194640771925512,0.8639847612136605,0.8688315242178236,0.8664013644115975,1.3957193330500255,,,,
MultinomialNB,{'alpha': 0.0001},"MultinomialNB|{""alpha"": 0.0001}",,,0.7505070370597996,0.8082607724938602,0.8255495758460275,0.8168137000518941,0.0008768140001241894,0.0001,,,
MultinomialNB,{'alpha': 0.001},"MultinomialNB|{""alpha"": 0.001}",,,0.7503226599471452,0.8082369232143655,0.8252303201678373,0.8166452282625866,0.0008364222499949392,0.001,,,
MultinomialNB,{'alpha': 0.01},"MultinomialNB|{""alpha"": 0.01}",,,0.7498617171655092,0.8081358962896736,0.8245005929034024,0.8162362290048762,0.0008381158833799418,0.01,,,
MultinomialNB,{'alpha': 0.05},"MultinomialNB|{""alpha"": 0.05}",,,0.7491242087148915,0.8079573934837093,0.8233603940527228,0.8155861757397787,0.0008220354167860933,0.05,,,
MultinomialNB,{'alpha': 0.1},"MultinomialNB|{""alpha"": 0.1}",,,0.7487554544895827,0.8076613264118858,0.8231323542825869,0.815323455005421,0.0008663007499611316,0.1,,,
MultinomialNB,{'alpha': 0.5},"MultinomialNB|{""alpha"": 0.5}",,,0.7460819863560937,0.8040140625695341,0.8239989054091034,0.813883820978895,0.0008278076165879611,0.5,,,
MultinomialNB,{'alpha': 1.0},"MultinomialNB|{""alpha"": 1.0}",,,0.74488353512384,0.7985885859559919,0.830931314421235,0.8144389807778274,0.0008227623167234318,1.0,,,
BernoulliNB,{'alpha': 0.0001},"BernoulliNB|{""alpha"": 0.0001}",,,0.7356954090098949,0.8564549783318175,0.7300921280671349,0.7882413767634242,0.0015278301332728006,0.0001,,,
BernoulliNB,{'alpha': 0.001},"BernoulliNB|{""alpha"": 0.001}",,,0.7355417614160162,0.856492880847875,0.7297728723889446,0.7880713159968479,0.0016048901500956465,0.001,,,
BernoulliNB,{'alpha': 0.01},"BernoulliNB|{""alpha"": 0.01}",,,0.7349579005592772,0.8565378223342089,0.7286782814922923,0.7874516375465143,0.0014943878501071594,0.01,,,
BernoulliNB,{'alpha': 0.05},"BernoulliNB|{""alpha"": 0.05}",,,0.733820908364575,0.8565208042146005,0.7266715315150962,0.7862712198973549,0.001746297933277674,0.05,,,
BernoulliNB,{'alpha': 0.1},"BernoulliNB|{""alpha"": 0.1}",,,0.7326839161698728,0.8563116211411023,0.7248928213080361,0.7851409094277175,0.0016291895665441795,0.1,,,
BernoulliNB,{'alpha': 0.5},"BernoulliNB|{""alpha"": 0.5}",,,0.7305943088931227,0.8563227728134308,0.7211529690778071,0.7829466960461489,0.0015238256331940648,0.5,,,
BernoulliNB,{'alpha': 1.0},"BernoulliNB|{""alpha"": 1.0}",,,0.7296109642922992,0.8556874220993876,0.7201495940892092,0.7820897000916318,0.0014802658833408108,1.0,,,
ComplementNB,"{'alpha': 0.0001, 'fit_prior': True, 'norm': False}","ComplementNB|{""alpha"": 0.0001, ""fit_prior"": true, ""norm"": false}",,,0.7340360149960051,0.8785441268754636,0.702362492018608,0.7806361677860855,0.0008226838501286693,0.0001,True,False,
ComplementNB,"{'alpha': 0.0001, 'fit_prior': True, 'norm': True}","ComplementNB|{""alpha"": 0.0001, ""fit_prior"": true, ""norm"": true}",,,0.6618216458730256,0.9401144515193036,0.5319711757730549,0.679462907406868,0.0008261154168091404,0.0001,True,True,
ComplementNB,"{'alpha': 0.0001, 'fit_prior': False, 'norm': False}","ComplementNB|{""alpha"": 0.0001, ""fit_prior"": false, ""norm"": false}",,,0.7340360149960051,0.8785441268754636,0.702362492018608,0.7806361677860855,0.0008308842167025432,0.0001,False,False,
ComplementNB,"{'alpha': 0.0001, 'fit_prior': False, 'norm': True}","ComplementNB|{""alpha"": 0.0001, ""fit_prior"": false, ""norm"": true}",,,0.6618216458730256,0.9401144515193036,0.5319711757730549,0.679462907406868,0.0008210174998869964,0.0001,False,True,
ComplementNB,"{'alpha': 0.001, 'fit_prior': True, 'norm': False}","ComplementNB|{""alpha"": 0.001, ""fit_prior"": true, ""norm"": false}",,,0.7335136131768176,0.8786424408639013,0.7013591170300101,0.780054783402658,0.0007689860166768388,0.001,True,False,
ComplementNB,"{'alpha': 0.001, 'fit_prior': True, 'norm': True}","ComplementNB|{""alpha"": 0.001, ""fit_prior"": true, ""norm"": true}",,,0.6849917030299305,0.9218761292187613,0.5817750615707379,0.7133629729049576,0.0007584540168560731,0.001,True,True,
ComplementNB,"{'alpha': 0.001, 'fit_prior': False, 'norm': False}","ComplementNB|{""alpha"": 0.001, ""fit_prior"": false, ""norm"": false}",,,0.7335136131768176,0.8786424408639013,0.7013591170300101,0.780054783402658,0.0007588579833585148,0.001,False,False,
ComplementNB,"{'alpha': 0.001, 'fit_prior': False, 'norm': True}","ComplementNB|{""alpha"": 0.001, ""fit_prior"": false, ""norm"": true}",,,0.6849917030299305,0.9218761292187613,0.5817750615707379,0.7133629729049576,0.0007819874833027521,0.001,False,True,
ComplementNB,"{'alpha': 0.005, 'fit_prior': True, 'norm': False}","ComplementNB|{""alpha"": 0.005, ""fit_prior"": true, ""norm"": false}",,,0.7328068342449757,0.878699410384109,0.7000820943172489,0.7792867115116131,0.0007784758165750342,0.005,True,False,
ComplementNB,"{'alpha': 0.005, 'fit_prior': True, 'norm': True}","ComplementNB|{""alpha"": 0.005, ""fit_prior"": true, ""norm"": true}",,,0.7018007498002581,0.909255290650951,0.6192191918270546,0.7367193011015247,0.0007821021502119644,0.005,True,True,
ComplementNB,"{'alpha': 0.005, 'fit_prior': False, 'norm': False}","ComplementNB|{""alpha"": 0.005, ""fit_prior"": false, ""norm"": false}",,,0.7328068342449757,0.878699410384109,0.7000820943172489,0.7792867115116131,0.0007926484999188687,0.005,False,False,
ComplementNB,"{'alpha': 0.005, 'fit_prior': False, 'norm': True}","ComplementNB|{""alpha"": 0.005, ""fit_prior"": false, ""norm"": true}",,,0.7018007498002581,0.909255290650951,0.6192191918270546,0.7367193011015247,0.0007661816998734139,0.005,False,True,
ComplementNB,"{'alpha': 0.01, 'fit_prior': True, 'norm': False}","ComplementNB|{""alpha"": 0.01, ""fit_prior"": true, ""norm"": false}",,,0.7323458914633397,0.8788121990369181,0.6991699352367052,0.7787655575311151,0.0007650296834375088,0.01,True,False,
ComplementNB,"{'alpha': 0.01, 'fit_prior': True, 'norm': True}","ComplementNB|{""alpha"": 0.01, ""fit_prior"": true, ""norm"": true}",,,0.7080388421117325,0.9042227861279198,0.633813737115753,0.7452473521919828,0.000766179683463027,0.01,True,True,
ComplementNB,"{'alpha': 0.01, 'fit_prior': False, 'norm': False}","ComplementNB|{""alpha"": 0.01, ""fit_prior"": false, ""norm"": false}",,,0.7323458914633397,0.8788121990369181,0.6991699352367052,0.7787655575311151,0.0007755154501258706,0.01,False,False,
ComplementNB,"{'alpha': 0.01, 'fit_prior': False, 'norm': True}","ComplementNB|{""alpha"": 0.01, ""fit_prior"": false, ""norm"": true}",,,0.7080388421117325,0.9042227861279198,0.633813737115753,0.7452473521919828,0.0007662486333477621,0.01,False,True,
ComplementNB,"{'alpha': 0.05, 'fit_prior': True, 'norm': False}","ComplementNB|{""alpha"": 0.05, ""fit_prior"": true, ""norm"": false}",,,0.7301948251490382,0.8788035961272476,0.6954756909605035,0.7764651968022812,0.000755583050098115,0.05,True,False,
ComplementNB,"{'alpha': 0.05, 'fit_prior': True, 'norm': True}","ComplementNB|{""alpha"": 0.05, ""fit_prior"": true, ""norm"": true}",,,0.7243869461004241,0.8867530296698705,0.6774605491197665,0.7681050753677896,0.0007597188331904665,0.05,True,True,
ComplementNB,"{'alpha': 0.05, 'fit_prior': False, 'norm': False}","ComplementNB|{""alpha"": 0.05, ""fit_prior"": false, ""norm"": false}",,,0.7301948251490382,0.8788035961272476,0.6954756909605035,0.7764651968022812,0.0007593023333659706,0.05,False,False,
ComplementNB,"{'alpha': 0.05, 'fit_prior': False, 'norm': True}","ComplementNB|{""alpha"": 0.05, ""fit_prior"": false, ""norm"": true}",,,0.7243869461004241,0.8867530296698705,0.6774605491197665,0.7681050753677896,0.000756716283406907,0.05,False,True,
ComplementNB,"{'alpha': 0.1, 'fit_prior': True, 'norm': False}","ComplementNB|{""alpha"": 0.1, ""fit_prior"": true, ""norm"": false}",,,0.7292729395857661,0.8793382693197593,0.6933321171212259,0.7753353394195951,0.0007641534168215003,0.1,True,False,
ComplementNB,"{'alpha': 0.1, 'fit_prior': True, 'norm': True}","ComplementNB|{""alpha"": 0.1, ""fit_prior"": true, ""norm"": true}",,,0.7304099317804683,0.8752210874650539,0.6996260147769771,0.7776341469596736,0.0007565424333733972,0.1,True,True,
ComplementNB,"{'alpha': 0.1, 'fit_prior': False, 'norm': False}","ComplementNB|{""alpha"": 0.1, ""fit_prior"": false, ""norm"": false}",,,0.7292729395857661,0.8793382693197593,0.6933321171212259,0.7753353394195951,0.0007585825165733695,0.1,False,False,
ComplementNB,"{'alpha': 0.1, 'fit_prior': False, 'norm': True}","ComplementNB|{""alpha"": 0.1, ""fit_prior"": false, ""norm"": true}",,,0.7304099317804683,0.8752210874650539,0.6996260147769771,0.7776341469596736,0.0007760672332854786,0.1,False,True,
LinearSVM,{'C': 0.01},"LinearSVM|{""C"": 0.01}",0.01,,0.7824350070677893,0.8028806920189326,0.8974277113928669,0.8475255200930353,0.09970105223328574,,,,
LinearSVM,{'C': 0.1},"LinearSVM|{""C"": 0.1}",0.1,,0.8229057832954336,0.8552151553777856,0.8873939615068868,0.8710074534995635,0.15457030581649936,,,,
LinearSVM,{'C': 0.25},"LinearSVM|{""C"": 0.25}",0.25,,0.827177186405261,0.8630088180279682,0.8837909331387394,0.8732762505633168,0.22591732201666068,,,,
LinearSVM,{'C': 0.5},"LinearSVM|{""C"": 0.5}",0.5,,0.8273308339991395,0.8656769969054133,0.8803247286326735,0.8729394206634556,0.3049298342833936,,,,
LinearSVM,{'C': 0.75},"LinearSVM|{""C"": 0.75}",0.75,,0.8273308339991395,0.8668286318441535,0.8787284502417222,0.8727379792992549,0.3288351116165965,,,,
LinearSVM,{'C': 0.8},"LinearSVM|{""C"": 0.8}",0.8,,0.8273001044803638,0.8670207976951472,0.8784091945635318,0.8726778432260988,0.33986801276672246,,,,
LinearSVM,{'C': 0.9},"LinearSVM|{""C"": 0.9}",0.9,,0.8270542683301579,0.867237494366832,0.877679467299097,0.8724272372835252,0.3636027603332574,,,,
LinearSVM,{'C': 1},"LinearSVM|{""C"": 1}",1.0,,0.8262860303607645,0.8669884082810879,0.8766760923104989,0.8718053382316258,0.4867404426668751,,,,
LinearSVM,{'C': 1.1},"LinearSVM|{""C"": 1.1}",1.1,,0.8254256038350439,0.8664230613073488,0.875946365046064,0.8711586873199828,0.41687286171678956,,,,
LinearSVM,{'C': 1.2},"LinearSVM|{""C"": 1.2}",1.2,,0.8248417429783049,0.8663415515217195,0.8750342059655204,0.8706661826102741,0.3252355009666644,,,,
LinearSVM,{'C': 1.25},"LinearSVM|{""C"": 1.25}",1.25,,0.8248724724970807,0.8664799674782059,0.8748973821034388,0.870668330874844,0.3155518987000202,,,,
LinearSVM,{'C': 1.4},"LinearSVM|{""C"": 1.4}",1.4,,0.8242578821215659,0.866160589218743,0.8742588707470583,0.8701908890755158,0.4427578607166652,,,,
LinearSVM,{'C': 1.5},"LinearSVM|{""C"": 1.5}",1.5,,0.8241042345276873,0.865998012108069,0.8742132627930311,0.8700862460281434,0.4161350267168018,,,,
LinearSVM,{'C': 1.6},"LinearSVM|{""C"": 1.6}",1.6,,0.823674021264827,0.8655826558265582,0.8740308309769224,0.8697862297462896,0.27797875429993535,,,,
LinearSVM,{'C': 1.8},"LinearSVM|{""C"": 1.8}",1.8,,0.8228135947391064,0.8652472651658982,0.8729818480342972,0.8690973483472575,0.468268132883289,,,,
LinearSVM,{'C': 2},"LinearSVM|{""C"": 2}",2.0,,0.8228135947391064,0.8652472651658982,0.8729818480342972,0.8690973483472575,0.5173554265500571,,,,
LinearSVM Loss Check,"{'C': 0.01, 'loss': 'hinge'}","LinearSVM Loss Check|{""C"": 0.01, ""loss"": ""hinge""}",0.01,,0.6880339253887284,0.6839342623258139,0.9983581136550215,0.8117629607654083,0.008647322800000742,,,,hinge
LinearSVM Loss Check,"{'C': 0.01, 'loss': 'squared_hinge'}","LinearSVM Loss Check|{""C"": 0.01, ""loss"": ""squared_hinge""}",0.01,,0.7824350070677893,0.8028806920189326,0.8974277113928669,0.8475255200930353,0.07390607889998743,,,,squared_hinge
LinearSVM Loss Check,"{'C': 0.1, 'loss': 'hinge'}","LinearSVM Loss Check|{""C"": 0.1, ""loss"": ""hinge""}",0.1,,0.7997971851760801,0.8283547108705842,0.8865730183343975,0.8564756680545459,0.01127188639996651,,,,hinge
LinearSVM Loss Check,"{'C': 0.1, 'loss': 'squared_hinge'}","LinearSVM Loss Check|{""C"": 0.1, ""loss"": ""squared_hinge""}",0.1,,0.8229057832954336,0.8552151553777856,0.8873939615068868,0.8710074534995635,0.1538225505166338,,,,squared_hinge
LinearSVM Loss Check,"{'C': 0.25, 'loss': 'hinge'}","LinearSVM Loss Check|{""C"": 0.25, ""loss"": ""hinge""}",0.25,,0.8190338639296909,0.851303395399781,0.8862081547021801,0.8684051753033452,0.026495096516494718,,,,hinge
LinearSVM Loss Check,"{'C': 0.25, 'loss': 'squared_hinge'}","LinearSVM Loss Check|{""C"": 0.25, ""loss"": ""squared_hinge""}",0.25,,0.827177186405261,0.8630088180279682,0.8837909331387394,0.8732762505633168,0.22739482108324108,,,,squared_hinge
LinearSVM Loss Check,"{'C': 0.5, 'loss': 'hinge'}","LinearSVM Loss Check|{""C"": 0.5, ""loss"": ""hinge""}",0.5,,0.8265625960297461,0.8611801242236025,0.8852959956216364,0.8730715602932577,0.058080399766671086,,,,hinge
LinearSVM Loss Check,"{'C': 0.5, 'loss': 'squared_hinge'}","LinearSVM Loss Check|{""C"": 0.5, ""loss"": ""squared_hinge""}",0.5,,0.8273308339991395,0.8656769969054133,0.8803247286326735,0.8729394206634556,0.2874792646667629,,,,squared_hinge
LinearSVM Loss Check,"{'C': 0.75, 'loss': 'hinge'}","LinearSVM Loss Check|{""C"": 0.75, ""loss"": ""hinge""}",0.75,,0.829266793682011,0.8652061395680886,0.8843838365410928,0.8746898822680319,0.23529406354985744,,,,hinge
LinearSVM Loss Check,"{'C': 0.75, 'loss': 'squared_hinge'}","LinearSVM Loss Check|{""C"": 0.75, ""loss"": ""squared_hinge""}",0.75,,0.8273308339991395,0.8668286318441535,0.8787284502417222,0.8727379792992549,0.30083632094998997,,,,squared_hinge
LinearSVM Loss Check,"{'C': 0.8, 'loss': 'hinge'}","LinearSVM Loss Check|{""C"": 0.8, ""loss"": ""hinge""}",0.8,,0.829020957531805,0.8652232142857142,0.8839277570008209,0.8744754771465957,0.1959133706332068,,,,hinge
LinearSVM Loss Check,"{'C': 0.8, 'loss': 'squared_hinge'}","LinearSVM Loss Check|{""C"": 0.8, ""loss"": ""squared_hinge""}",0.8,,0.8273001044803638,0.8670207976951472,0.8784091945635318,0.8726778432260988,0.2859296010334219,,,,squared_hinge
LinearSVM Loss Check,"{'C': 0.9, 'loss': 'hinge'}","LinearSVM Loss Check|{""C"": 0.9, ""loss"": ""hinge""}",0.9,,0.8285292852313932,0.8655841832170335,0.8825595183800055,0.8739894313716634,0.15411540121688935,,,,hinge
LinearSVM Loss Check,"{'C': 0.9, 'loss': 'squared_hinge'}","LinearSVM Loss Check|{""C"": 0.9, ""loss"": ""squared_hinge""}",0.9,,0.8270542683301579,0.867237494366832,0.877679467299097,0.8724272372835252,0.36064260073326293,,,,squared_hinge
LinearSVM Loss Check,"{'C': 1, 'loss': 'hinge'}","LinearSVM Loss Check|{""C"": 1, ""loss"": ""hinge""}",1.0,,0.8285292852313932,0.8659115329512894,0.8821034388397336,0.8739324928832859,0.14233139000013276,,,,hinge
LinearSVM Loss Check,"{'C': 1, 'loss': 'squared_hinge'}","LinearSVM Loss Check|{""C"": 1, ""loss"": ""squared_hinge""}",1.0,,0.8262860303607645,0.8669884082810879,0.8766760923104989,0.8718053382316258,0.39167411536667107,,,,squared_hinge
LinearSVM Loss Check,"{'C': 1.1, 'loss': 'hinge'}","LinearSVM Loss Check|{""C"": 1.1, ""loss"": ""hinge""}",1.1,,0.8285907442689447,0.8661530191721913,0.8818753990695978,0.8739435028248588,0.30493437996677436,,,,hinge
LinearSVM Loss Check,"{'C': 1.1, 'loss': 'squared_hinge'}","LinearSVM Loss Check|{""C"": 1.1, ""loss"": ""squared_hinge""}",1.1,,0.8254256038350439,0.8664230613073488,0.875946365046064,0.8711586873199828,0.33137713543352826,,,,squared_hinge
LinearSVM Loss Check,"{'C': 1.2, 'loss': 'hinge'}","LinearSVM Loss Check|{""C"": 1.2, ""loss"": ""hinge""}",1.2,,0.8284985557126175,0.8663319736429244,0.8814649274833531,0.8738329377190008,0.19693869793336488,,,,hinge
LinearSVM Loss Check,"{'C': 1.2, 'loss': 'squared_hinge'}","LinearSVM Loss Check|{""C"": 1.2, ""loss"": ""squared_hinge""}",1.2,,0.8248417429783049,0.8663415515217195,0.8750342059655204,0.8706661826102741,0.37084734089997556,,,,squared_hinge
LinearSVM Loss Check,"{'C': 1.25, 'loss': 'hinge'}","LinearSVM Loss Check|{""C"": 1.25, ""loss"": ""hinge""}",1.25,,0.8283756376375147,0.8661110364296276,0.8815561433914074,0.8737653414099406,0.15401117733345018,,,,hinge
LinearSVM Loss Check,"{'C': 1.25, 'loss': 'squared_hinge'}","LinearSVM Loss Check|{""C"": 1.25, ""loss"": ""squared_hinge""}",1.25,,0.8248724724970807,0.8664799674782059,0.8748973821034388,0.870668330874844,0.3807124561499222,,,,squared_hinge
LinearSVM Loss Check,"{'C': 1.5, 'loss': 'hinge'}","LinearSVM Loss Check|{""C"": 1.5, ""loss"": ""hinge""}",1.5,,0.8290516870505807,0.8667682790155556,0.8818297911155706,0.8742341690592996,0.18244619068330697,,,,hinge
LinearSVM Loss Check,"{'C': 1.5, 'loss': 'squared_hinge'}","LinearSVM Loss Check|{""C"": 1.5, ""loss"": ""squared_hinge""}",1.5,,0.8241042345276873,0.865998012108069,0.8742132627930311,0.8700862460281434,0.3582810880000276,,,,squared_hinge
LinearSVM Loss Check,"{'C': 1.75, 'loss': 'hinge'}","LinearSVM Loss Check|{""C"": 1.75, ""loss"": ""hinge""}",1.75,,0.8292053346444594,0.8672260612043435,0.8814649274833531,0.8742875237492084,0.38925797673340035,,,,hinge
LinearSVM Loss Check,"{'C': 1.75, 'loss': 'squared_hinge'}","LinearSVM Loss Check|{""C"": 1.75, ""loss"": ""squared_hinge""}",1.75,,0.823090160408088,0.8653681023184345,0.8733011037124875,0.8693165051188342,0.5128304480834535,,,,squared_hinge
LinearSVM Loss Check,"{'C': 2, 'loss': 'hinge'}","LinearSVM Loss Check|{""C"": 2, ""loss"": ""hinge""}",2.0,,0.8284678261938418,0.8671488902866386,0.8802791206786463,0.8736646749954735,0.24896733953331326,,,,hinge
LinearSVM Loss Check,"{'C': 2, 'loss': 'squared_hinge'}","LinearSVM Loss Check|{""C"": 2, ""loss"": ""squared_hinge""}",2.0,,0.8228135947391064,0.8652472651658982,0.8729818480342972,0.8690973483472575,0.43703866918343315,,,,squared_hinge
